{
  "med": [
    -6.063302454493006,
    0.5669649327996256,
    0.01568391085807742
  ],
  "ubound": [
    -4.544292730540228,
    0.6832689208593724,
    0.02942769533740955
  ],
  "lbound": [
    -4.007915676028993,
    0.2634159896665401,
    0.003278184740154163
  ]
}