{
  "lbound": [
    -4.25146804162082,
    0.269571018968857,
    0.002584010854653838
  ],
  "med": [
    -7.692446997744978,
    0.7087496634281637,
    0.013603917540740078
  ],
  "ubound": [
    -5.420418603971771,
    0.766192966029571,
    0.02880524436849138
  ]
}