{
  "lbound": [
    -1.791951103899483E-7,
    0.001673941263589927,
    -3.258073666245888
  ],
  "med": [
    -2.3275368051697462E-7,
    0.0020455383275207826,
    -3.8423898415512
  ],
  "ubound": [
    -2.0904329700947694E-7,
    0.0018345021718953235,
    -3.3363638582162367
  ]
}