{
  "med": [
    -2.3348510225409713E-7,
    0.0020536531269614833,
    -3.861422210983488
  ],
  "ubound": [
    -2.0397379472245011E-7,
    0.0018012832419672387,
    -3.2847262424964563
  ],
  "lbound": [
    -1.813374952438112E-7,
    0.0016907112939543454,
    -3.2876684902484223
  ]
}